POA,resident_population,seifa_score
2600,6898,1138.051308
2601,4792,1146.237828
2602,28570,1078.553588
2603,8622,1122.536453
2604,8655,1089.909789
2605,11323,1114.593599
2606,8166,1072.5706
2607,13466,1107.177527
2609,901,929.92637
2611,23237,1092.616438
2612,14652,1094.86485
2614,19099,1087.834324
2615,43723,1065.345147
2617,29668,1091.404015
2900,1481,1071.057157
2902,15433,1071.950882
2903,9577,1070.72822
2904,13015,1113.122907
2905,29198,1064.758245
2906,18150,1080.124026
2911,568,1144.372017
2912,7143,1122.183414
2913,25400,1106.319462
2914,13819,1151.287032
2000,22761,1017.74775
2007,7113,1015.816529
2008,6299,1056.314912
2009,11625,1083.504418
2010,25402,1069.97826
2011,18045,1052.529081
2015,8431,1109.052536
2016,12038,1012.419352
2017,14472,986.124683
2018,15397,977.4375363
2019,8928,1033.398545
2020,10178,1020.799486
2021,14258,1118.620904
2022,11586,1083.420511
2023,10768,1144.752987
2024,11088,1107.937753
2025,7173,1124.451621
2026,30427,1097.680184
2027,7316,1118.216501
2028,4682,1120.462468
2029,9392,1111.320405
2030,13893,1143.59595
2031,32331,1098.513869
2032,15266,1019.966474
2033,10970,1074.143466
2034,19101,1086.052357
2035,33222,1043.705368
2036,26903,1002.328793
2037,13834,1031.363126
2038,8665,1108.270232
2039,7924,1133.753071
2040,20862,1083.283879
2041,14747,1117.792308
2042,17727,1084.523196
2043,6848,1114.851862
2044,7189,1045.472107
2045,6651,1073.28741
2046,25180,1076.393513
2047,11374,1114.881894
2048,7699,1092.845182
2049,10449,1060.480365
2050,6705,1107.563376
2060,12266,1120.475392
2061,5683,1107.855182
2062,6778,1123.339611
2063,5928,1155.538068
2064,8626,1094.838816
2065,27165,1129.659854
2066,27635,1128.395048
2067,22633,1080.566616
2068,15903,1128.54663
2069,13298,1152.510627
2070,12277,1149.516642
2071,12151,1143.651107
2072,6598,1135.214789
2073,15737,1160.451168
2074,20930,1151.538108
2075,18635,1164.410458
2076,23770,1136.852376
2077,34909,1062.018121
2079,7113,1110.433123
2080,1575,1096.018481
2081,5163,1118.815213
2082,5649,1103.202799
2083,1549,1045.239703
2084,3531,1123.512441
2085,10705,1135.693159
2086,13183,1139.678506
2087,12311,1118.878777
2088,27462,1137.606549
2089,11090,1126.361366
2090,13040,1134.902934
2092,6726,1146.925522
2093,21610,1116.132767
2094,5491,1125.20147
2095,15066,1108.716481
2096,13881,1110.551709
2097,14391,1111.001405
2099,36707,1055.741008
2100,19453,1091.917355
2101,17993,1081.553551
2102,6135,1117.005027
2103,10175,1092.625097
2104,3089,1115.264515
2105,1841,1137.902316
2106,9030,1114.331939
2107,14479,1127.429519
2108,1900,1116.905917
2109,1788,933.262102
2110,9806,1130.83063
2111,13430,1087.571594
2112,27782,1066.612582
2113,16810,1071.882075
2114,21484,1065.137956
2115,9479,1000.032125
2116,6221,1005.45649
2117,19025,1035.654133
2118,21556,1083.779526
2119,10898,1157.205273
2120,19628,1121.04376
2121,24646,1110.581797
2122,28516,1063.33871
2125,15953,1153.512805
2126,18805,1142.59306
2127,8149,1132.327904
2128,3171,993.4799909
2130,6588,1060.988828
2131,22183,1008.947744
2132,10387,1044.024994
2133,10722,1015.202545
2134,12475,1007.888605
2135,23100,1065.651589
2136,6734,1037.745261
2137,24008,1084.198704
2138,13521,1090.049305
2140,12528,1019.152194
2141,25496,959.3033105
2142,22514,915.2800634
2143,7457,920.2942062
2144,33109,887.596477
2145,71314,1005.303425
2146,15675,1016.900386
2147,35085,996.7604836
2148,58645,961.3025711
2150,24845,990.0240813
2151,20222,1048.233601
2152,10224,1046.720273
2153,52436,1111.128199
2154,37906,1130.585965
2155,44018,1149.797386
2156,12345,1143.376559
2157,3706,1084.748926
2158,8277,1117.230927
2159,4538,1113.234493
2160,32880,927.2642314
2161,28263,893.5112791
2162,17015,902.3641635
2163,8773,790.3657348
2164,18387,923.5826297
2165,39493,853.3560604
2166,49726,814.5812645
2167,7547,1001.013338
2168,41870,885.9909767
2170,95108,949.4824862
2171,24387,1058.291263
2172,2265,1143.096018
2173,13258,1086.381882
2174,423,944.5389377
2175,1935,1007.326213
2176,46068,973.0542718
2177,15203,907.7893426
2178,4819,1042.539473
2179,5410,969.333247
2190,24717,919.3902302
2191,6035,980.7373814
2192,12567,918.3145589
2193,13981,1014.202045
2194,21239,916.8458737
2195,25204,871.9500438
2196,29581,917.3311277
2197,8180,937.0094059
2198,8672,1011.757775
2199,16019,911.2494481
2200,40589,906.0644487
2203,12964,1032.788253
2204,24586,998.4411708
2205,12847,989.6303959
2206,18316,1023.299144
2207,27529,1010.518692
2208,11521,1004.746227
2209,14585,993.2384869
2210,27994,992.2223053
2211,16193,1015.013174
2212,14304,992.1749971
2213,20355,1032.516249
2214,3854,1061.379053
2216,26045,989.4340444
2217,23611,1016.650497
2218,15166,1003.994118
2219,12421,1031.393635
2220,28438,998.0712764
2221,15783,1075.36963
2222,11692,1017.1136
2223,19799,1069.591626
2224,13443,1071.904828
2225,5429,1123.133744
2226,11875,1093.871129
2227,14031,1094.963843
2228,17592,1040.952994
2229,27264,1079.211834
2230,26946,1077.555086
2231,2215,1028.970236
2232,31247,1068.092417
2233,29314,1087.355225
2234,30812,1118.912862
2250,65647,999.6608206
2251,31835,1032.411608
2256,14970,938.6020901
2257,27654,952.9036662
2258,5102,1033.95322
2259,53981,963.1517022
2260,21793,1068.706325
2261,50965,947.2926348
2262,20155,909.9402204
2263,22414,890.7018783
2264,13135,969.301846
2265,5382,992.1707754
2267,2673,983.4018334
2278,2676,981.2739753
2280,26615,997.9780786
2281,13403,960.0770491
2282,14451,1050.041029
2283,23087,965.2038292
2284,10450,942.3142319
2285,27815,989.7160307
2286,3443,933.9007223
2287,33260,987.3511333
2289,18825,1041.944375
2290,32159,1000.088298
2291,13413,1074.506424
2292,2434,972.3738955
2293,2126,1004.108907
2294,1879,953.4034952
2295,5818,939.0047251
2296,1807,968.9695012
2297,1620,965.7398284
2298,9443,947.0967502
2299,10686,964.3657337
2300,10097,1052.922439
2302,590,994.9244368
2303,9015,975.9981369
2304,14987,943.7024297
2305,11926,1037.928012
2306,3100,688.7344861
2307,3708,930.0922217
2311,838,971.612107
2312,1515,920.8201585
2315,13356,986.5902812
2316,5517,983.0718575
2317,6174,974.4289064
2318,11403,1024.530543
2319,6310,933.134404
2320,29285,996.970626
2321,10912,1020.084516
2322,16653,954.8840745
2323,24737,980.2701979
2324,22531,928.9806921
2325,26205,914.558254
2326,7165,887.1647567
2327,7366,874.820169
2328,2544,970.6796133
2329,2141,934.8467454
2330,20494,1001.166504
2333,13245,956.5602565
2334,2479,940.8746434
2335,5422,1015.232915
2336,2337,957.4088703
2337,7752,984.7652249
2338,1539,937.6882357
2339,666,949.2128396
2340,45740,953.701838
2341,1736,845.379895
2342,558,1015.83097
2343,4531,925.7992449
2344,736,1037.350113
2345,766,977.8259808
2346,2816,868.2510359
2347,1879,894.6318323
2350,24494,988.5723117
2352,2809,947.8350513
2353,993,965.2878859
2354,3527,969.2391138
2355,766,951.0394592
2357,4359,921.5227048
2358,4047,962.6285584
2359,601,885.5842144
2360,14493,917.0415598
2361,881,837.2535344
2365,3411,959.0690385
2369,1166,822.1607271
2370,7564,912.4637209
2371,742,887.2035075
2372,4968,922.1882464
2380,10152,936.1911751
2381,1745,933.3570321
2382,1191,888.4177705
2386,301,981.830123
2388,3091,924.2623879
2390,8254,950.4905979
2395,779,823.4212809
2396,1168,886.7915729
2397,408,1009.301427
2399,875,973.2196159
2400,10204,924.867599
2401,323,961.2164335
2402,1917,924.3969007
2403,555,903.0993404
2404,1784,905.9602346
2405,549,1006.8158
2406,742,937.5152277
2408,421,1022.766243
2409,1140,757.3949406
2410,350,923.3728475
2415,281,944.936359
2420,4067,951.1614175
2421,1520,1039.151802
2422,5211,935.4232673
2423,3234,907.1904792
2424,552,887.8838431
2425,1616,943.3483175
2426,519,888.6937259
2427,2478,882.2071358
2428,22698,912.1052561
2429,9241,913.1868304
2430,32584,907.0130194
2431,4953,921.4964082
2439,2451,957.3597294
2440,21370,863.303844
2441,6292,956.5865749
2443,8848,900.1798086
2444,42636,965.3274671
2445,5869,995.0267385
2446,12519,944.5185809
2447,6793,908.3075244
2448,8713,885.785765
2449,2328,856.7964383
2450,38289,954.5365323
2452,15019,927.7659097
2453,2701,936.1911802
2454,7367,955.3389126
2455,3018,909.708536
2456,13596,947.8979868
2460,28571,900.0887877
2462,2510,884.0546403
2463,7158,926.8209566
2464,6692,937.9025855
2465,355,924.8852818
2466,1699,852.0888411
2469,4257,878.4822391
2470,14557,882.6283205
2471,2582,903.1366421
2472,1735,907.6622141
2473,2973,894.3095358
2474,6390,915.0442628
2475,444,893.3043702
2476,1014,848.1310923
2477,11228,988.7625359
2478,26770,973.6490081
2479,4550,1027.857752
2480,44398,947.683481
2481,10708,1000.107258
2482,5750,946.5577337
2483,10036,951.2124594
2484,18073,935.1933298
2485,13362,905.290333
2486,30607,955.9748861
2487,11197,981.6875258
2488,3111,952.8469619
2489,6316,981.2772144
2490,687,984.7536773
2500,37029,994.5000043
2502,11715,837.8991883
2505,4902,880.6108693
2506,7434,879.8583837
2508,8652,1079.560949
2515,10388,1080.32106
2516,5678,1032.13405
2517,12933,1006.418442
2518,18646,940.212108
2519,16240,998.5956335
2525,10620,1048.367045
2526,15834,1005.76226
2527,20606,981.2433883
2528,23267,891.1106692
2529,22309,1009.775991
2530,29695,966.875586
2533,14942,1052.187008
2534,4987,1045.012357
2535,6996,1013.744485
2536,17486,938.4642591
2537,10917,945.7806029
2538,2248,991.6790769
2539,16529,932.650957
2540,41343,955.3584146
2541,24150,902.7052022
2545,1079,951.2685043
2546,8780,930.4371176
2548,6882,980.5441769
2549,3623,972.158278
2550,15695,951.2579049
2551,3453,883.458615
2555,454,913.2290318
2556,2390,1036.425847
2557,4000,1009.107109
2558,11120,985.8574814
2559,3801,626.7099617
2560,72211,948.3710561
2563,241,969.0535877
2564,13379,870.651608
2565,16591,984.7270986
2566,24048,964.6889557
2567,33942,1065.651364
2568,880,1059.280407
2569,1271,1047.794188
2570,28358,1058.929892
2571,10144,1048.726668
2572,3941,1016.386312
2573,4506,950.5446546
2574,5405,1006.723608
2575,14020,995.4277762
2576,12723,1060.914158
2577,14635,1005.996808
2578,2423,1006.08971
2579,3598,991.5751734
2580,27081,947.0447255
2581,1994,1038.576396
2582,11520,1052.164391
2583,4014,978.2770089
2584,462,986.1957944
2585,339,1005.777581
2586,2718,958.7149449
2587,2819,911.7121053
2588,307,1006.964015
2590,7123,930.0047514
2594,11467,938.0840815
2618,1059,1129.367849
2619,9426,1162.981086
2620,35778,1035.759398
2621,5376,1120.064031
2622,3260,1000.472658
2623,747,991.1419847
2625,470,1023.207347
2626,501,1028.374396
2627,4400,1049.693822
2628,1810,998.7031969
2629,585,994.4489481
2630,8326,965.9329607
2631,725,944.305841
2632,1660,942.9090423
2633,453,900.6832278
2640,33744,992.9268086
2641,14316,908.3726486
2642,5002,1010.83422
2643,2556,939.3516245
2644,2597,971.5016935
2645,299,851.7412922
2646,6773,938.6970807
2647,1907,952.8561184
2648,2502,911.3313838
2650,53956,986.5116695
2651,2218,972.2308963
2652,4849,988.2081346
2653,2338,926.2284419
2655,1056,970.5768455
2656,1304,975.1202379
2658,1441,940.1348899
2659,914,985.3705839
2660,1668,940.9698242
2661,338,1089.002632
2663,4577,892.7909296
2665,2330,955.8553774
2666,5042,934.8811506
2668,411,921.4921652
2669,1998,986.9750486
2671,3892,953.1078742
2672,1474,906.5722988
2675,1428,946.5192685
2680,22702,949.5971786
2681,1641,968.1860939
2700,4876,901.2755447
2701,2439,988.3664419
2702,613,893.1995906
2703,940,926.4109649
2705,9993,938.4766817
2706,1210,884.4017621
2707,1312,984.6019382
2710,9838,940.2978515
2711,3277,923.9460146
2712,1406,927.4255288
2713,3074,943.9733418
2714,2390,936.7585961
2715,1621,932.3048373
2716,1066,944.4329473
2717,1380,897.4728208
2720,7825,939.6157673
2721,350,960.0839717
2722,2977,927.5234152
2725,443,934.8891268
2726,304,1012.713503
2727,564,1006.577691
2729,1726,964.8247354
2730,1416,884.5523984
2731,5573,972.8445943
2732,1850,957.8557062
2733,586,931.3225392
2735,655,992.8021487
2736,400,970.4895488
2737,797,940.3311989
2738,1218,1032.682266
2739,1510,970.9714275
2745,26223,1072.059434
2747,34249,959.6643313
2748,1911,1064.696127
2749,15775,996.0525671
2750,42582,988.8961044
2752,4681,1034.057316
2753,17090,1002.011802
2754,5281,1016.938947
2756,32244,1003.214415
2757,877,1060.827952
2758,8551,1083.920618
2759,26506,1019.682994
2760,27050,903.861099
2761,27714,987.6811375
2762,3816,1014.784736
2763,29847,1054.33936
2765,14835,997.6588774
2766,14182,967.1316619
2767,19513,957.214912
2768,26459,1125.434847
2769,2932,1191.097161
2770,60382,828.5456283
2773,5854,1103.400797
2774,12636,1076.447852
2775,1543,947.5353544
2776,3983,1064.471272
2777,17788,1062.770454
2778,2432,1062.320659
2779,4532,1025.306207
2780,12922,972.9101024
2782,5940,1017.352788
2783,2884,989.5405567
2784,1208,1023.100878
2785,4570,990.1502471
2786,996,965.6003095
2787,4216,945.051178
2790,14800,912.7418619
2791,690,1005.236432
2792,494,958.2726984
2793,1131,927.3872301
2794,10005,913.6231925
2795,39873,986.4067212
2797,216,900.8162667
2798,2387,1038.922962
2799,3841,943.989722
2800,41356,979.2836304
2803,303,973.3917353
2804,2635,944.2239581
2805,295,899.2553473
2806,912,952.7954724
2807,259,754.4139377
2808,227,923.6983134
2809,320,951.1035144
2810,2973,934.3129196
2820,7884,895.5609993
2821,4936,923.986563
2823,1409,904.3631149
2824,2321,918.6145845
2825,2689,932.7517978
2827,3571,888.2424769
2828,579,846.6982732
2829,3181,887.1742019
2830,37757,964.9635305
2831,3891,974.0521525
2832,2749,892.0992155
2833,762,886.6248179
2834,2491,806.519233
2835,4257,956.7210552
2836,931,796.5796868
2839,1410,811.6759253
2840,2870,933.5994675
2842,449,811.445946
2843,1277,934.7403943
2844,1432,940.5463408
2845,1904,926.1957495
2846,370,922.8132755
2847,2308,902.0413997
2848,1722,831.5626876
2849,1597,964.8006461
2850,15935,965.5108337
2852,3360,937.452352
2864,1151,1039.214952
2865,731,930.4779591
2866,2790,983.7791794
2867,614,931.6161177
2868,520,864.2191343
2869,1478,896.3782548
2870,12211,940.8787868
2871,8889,934.3805778
2873,636,952.7479133
2874,377,950.7693405
2875,1043,950.8145034
2876,305,920.3960171
2877,4122,911.9438657
2878,199,799.1327546
2879,859,898.557246
2880,19223,892.5776549
2898,359,1003.793553
800,4564,1072.460907
810,29725,1037.207958
812,19334,1019.460119
820,19057,1076.107942
822,24120,702.3108206
828,1699,971.5995273
829,1138,947.7975589
830,17990,995.6138323
832,9671,1075.985989
835,5194,1054.294943
836,7092,1041.081243
837,527,986.8700547
838,735,994.0606639
840,555,846.9028435
841,693,949.4492005
845,338,860.3054692
846,235,875.2349077
847,381,828.5042372
850,7582,940.9408574
852,7968,688.7542587
853,743,1094.060261
854,919,690.3861188
860,3060,866.3121773
862,696,791.2770197
870,25181,1010.338375
872,12344,672.6052508
880,5951,915.6306779
885,980,1057.992328
886,1126,987.3931926
6798,2063,983.5928114
6799,554,862.8120308
4000,14335,1067.533181
4005,11333,1075.037961
4006,14730,1084.388759
4007,10444,1097.924142
4008,351,905.93123
4010,1986,1053.062565
4011,14404,1084.556981
4012,19811,1044.290423
4013,4301,1020.259608
4014,10788,1026.267217
4017,35803,1016.657191
4018,8917,1008.717004
4019,19013,933.5988299
4020,20381,980.036739
4021,9914,926.258117
4022,6688,966.7730035
4025,298,952.3008494
4030,15129,1068.793538
4031,12621,1057.832255
4032,14298,1005.798125
4034,41841,1021.148686
4035,23310,1108.456999
4036,6944,1027.5943
4037,7997,1133.696527
4051,25848,1081.429222
4053,41808,1052.032902
4054,12949,1033.838719
4055,19568,1095.719174
4059,11558,1074.216444
4060,12927,1119.235252
4061,15923,1118.184289
4064,9988,1115.4153
4065,9256,1132.22183
4066,16147,1106.62958
4067,9138,1089.353583
4068,21900,1099.959761
4069,33086,1146.622637
4070,10530,1129.240921
4073,9335,1119.635282
4074,23275,1096.931597
4075,21232,1076.910187
4076,6801,924.3698358
4077,25177,847.6998623
4078,22988,1040.429694
4101,19309,1048.958967
4102,6266,1013.416435
4103,13228,1043.648708
4104,5542,1074.524721
4105,12829,1033.626088
4106,1261,948.4949731
4107,6103,1016.006654
4108,4732,965.7551941
4109,35445,1028.802031
4110,9581,937.3731291
4111,1395,1042.824689
4112,7769,1060.771367
4113,27426,1045.166453
4114,33210,815.3330719
4115,17824,1061.915038
4116,23309,1077.903267
4117,1211,1047.567081
4118,29068,985.0613573
4119,5324,1051.709827
4120,8560,1047.791571
4121,23777,1071.427835
4122,41939,1037.47028
4123,16086,1037.550508
4124,18396,1006.691295
4125,6899,1011.237919
4127,21711,1004.641877
4128,15896,1060.746614
4129,6130,1004.457615
4130,8036,1080.096894
4131,9296,921.6584714
4132,22512,901.3240979
4133,14716,953.6875543
4151,14944,1079.61401
4152,42502,1080.539143
4153,4594,1091.791196
4154,9231,1142.072113
4155,1080,1127.355302
4156,2975,1138.163067
4157,18662,1019.81172
4158,3546,987.6377825
4159,13794,1037.868504
4160,17425,1080.10355
4161,16736,1007.463261
4163,14413,1024.293701
4164,12804,1084.822594
4165,33244,1049.635175
4169,12604,1069.798552
4170,21948,1080.065915
4171,14536,1120.062485
4172,3964,1056.384872
4173,8529,1028.522874
4174,2599,997.7995733
4178,23978,992.4590861
4179,18149,1044.306131
4183,2020,917.8243951
4184,6337,838.1988091
4205,4598,917.9825664
4207,47471,952.4148581
4208,15776,1053.621644
4209,34164,1039.657308
4210,16273,1041.121584
4211,56323,1008.966174
4212,24473,1064.904918
4213,27726,1043.138284
4214,35797,1024.157064
4215,44738,943.8898466
4216,33766,997.8602621
4217,35328,1020.331044
4218,29668,1026.813986
4219,538,886.4068488
4220,28855,1013.411411
4221,25612,994.5693636
4223,14076,1005.318018
4224,5279,981.0117974
4225,6859,932.6566996
4226,29277,1040.436018
4227,18387,1017.106647
4228,5095,1068.713834
4229,1688,1029.568381
4230,1582,1044.091984
4270,3460,1038.09689
4271,2675,1009.983721
4272,4341,1038.33141
4275,2979,1021.723985
4280,14889,1018.973701
4285,18459,969.4887451
4287,656,919.5492735
4300,45109,986.1036698
4301,23181,934.6298375
4303,4156,788.1772578
4304,15550,909.7306639
4305,57593,940.5312012
4306,31405,1033.80621
4307,1139,977.4154636
4309,2351,967.0517699
4310,6013,962.8794355
4311,9287,911.936889
4312,3027,925.1376886
4313,1763,894.7137076
4340,5858,965.531522
4341,13079,923.8718853
4342,2026,920.3325185
4343,10492,926.1745656
4344,2387,955.5815319
4346,570,953.1720532
4347,1109,953.760165
4350,102259,975.2668199
4352,24802,1048.524276
4353,350,990.4885444
4354,1029,927.2195803
4355,2766,917.0180295
4356,4903,969.290004
4357,2455,929.4583815
4358,1964,1002.648722
4359,1135,994.1270614
4360,482,943.7560638
4361,2251,936.8269938
4362,2708,949.5203983
4363,523,983.7705539
4364,304,1008.683835
4365,414,876.4465466
4370,17225,927.43725
4371,725,942.6739683
4372,201,973.9459333
4373,1178,890.1084527
4374,345,990.7513921
4375,156,951.5907426
4376,334,894.6490223
4377,486,933.7675367
4378,467,951.2617751
4380,7690,925.5442926
4381,450,947.8566151
4382,464,984.5672807
4383,512,834.8387062
4385,1161,910.1617598
4387,1357,896.6713381
4388,487,919.7367567
4390,6816,982.3477448
4400,1819,969.8463512
4401,5470,918.2037218
4402,283,897.7061054
4403,791,984.0685158
4404,361,1009.100199
4405,13934,971.2867613
4406,1501,973.0475848
4407,676,975.0302935
4408,831,966.0802681
4410,1248,909.3725363
4411,319,1014.938302
4412,403,1017.620723
4413,6673,991.0735759
4415,1855,953.504021
4416,429,1025.54355
4417,739,963.7842707
4419,1057,976.7925029
4420,1089,953.3887101
4421,2207,808.9293168
4422,667,988.2952822
4424,216,967.9258893
4425,252,981.5031963
4427,211,866.1497232
4428,865,976.9234825
4454,986,988.9542136
4455,8513,1005.318154
4462,140,1009.932451
4465,1624,937.2858839
4468,303,973.7453443
4470,3723,946.7113575
4472,1592,937.2333895
4477,587,933.0892744
4478,617,964.8842074
4480,969,940.5240788
4481,352,947.369365
4486,709,937.1873873
4487,3293,949.1092051
4488,336,957.7846851
4490,1865,905.092775
4492,402,984.9286915
4494,188,1023.139932
4496,360,998.3936835
4497,381,980.0630545
4498,218,1014.037491
4500,37614,1038.275411
4501,5350,940.5567415
4502,8502,1025.499336
4503,34278,1004.249021
4504,16229,1059.255826
4505,18710,1006.826893
4506,19690,956.4971547
4507,17071,933.6726438
4508,19702,893.1174137
4509,19351,1082.396217
4510,42186,911.7685057
4511,8038,961.6391935
4512,3013,1031.03996
4514,5837,961.3628414
4515,3532,915.7861157
4516,3714,1029.555923
4517,600,918.2657377
4518,4779,1004.818133
4519,7556,971.7203431
4520,12229,1129.85521
4521,4465,1054.136737
4550,4169,970.7162897
4551,48872,987.7597874
4552,7779,994.7910048
4553,5299,1028.134259
4554,1809,1018.748116
4555,6678,1021.604722
4556,38700,1048.793074
4557,14371,1008.253125
4558,16707,956.7686222
4559,5941,1012.434342
4560,28040,969.5693455
4561,6582,996.5279829
4562,7210,1033.818211
4563,7929,990.8154037
4564,9856,994.4041254
4565,13962,962.5463821
4566,7118,1018.385573
4567,10352,1027.158403
4568,3348,978.8262598
4569,1455,929.5410562
4570,39106,917.1625933
4571,695,934.3811319
4572,3726,1023.445124
4573,21403,1028.65055
4574,1222,940.7508931
4575,21130,1011.474153
4580,4511,866.2137219
4581,1296,943.4811081
4600,956,899.8273943
4601,1063,924.0855422
4605,4691,828.5903519
4606,2127,897.303893
4608,881,934.6084487
4610,14484,941.9526171
4611,240,974.01125
4612,417,954.9788368
4613,491,856.4864844
4614,1232,854.3169358
4615,6853,874.2123532
4620,583,925.2191809
4621,1341,887.7087919
4625,3052,920.4922695
4626,2031,921.2927473
4627,622,839.1079448
4630,2608,946.6056579
4650,32895,899.9019193
4655,55281,918.8843903
4659,4131,880.3407679
4660,6755,901.2853718
4662,867,830.1504356
4670,77143,921.5741611
4671,5878,872.1252393
4673,484,913.4815077
4674,1371,848.0146489
4676,223,887.1389186
4677,3044,923.510928
4678,882,930.0110458
4680,50832,1020.494847
4694,241,928.7881885
4695,1281,927.9113959
4699,543,928.2888713
4700,18096,948.1870146
4701,42419,958.9637799
4702,25383,980.8152131
4703,20615,991.7729153
4705,428,1055.330261
4707,395,906.4291582
4709,1484,1071.815585
4710,3917,964.7779208
4711,1806,1065.509198
4712,259,839.0549345
4713,935,588.6880983
4714,3014,802.2926538
4715,7171,985.8152746
4716,987,1003.694545
4717,5108,1018.763748
4718,2583,987.4839312
4719,894,941.0079398
4720,13888,1054.132057
4721,3741,1010.364043
4722,1634,999.6529932
4723,1668,1015.990006
4724,569,986.9290746
4725,1653,977.9855192
4726,627,947.468415
4727,350,983.962248
4728,368,984.3571412
4730,3630,984.5291826
4731,216,952.0928529
4733,381,1039.195778
4735,957,887.6162782
4737,7653,965.2673581
4738,1104,957.9292708
4739,400,918.8729085
4740,79552,1010.517513
4741,8384,985.9291576
4742,1494,985.3619166
4743,1306,1035.361979
4744,8963,1053.825201
4745,3010,1032.107663
4746,1902,1042.613506
4750,5345,1051.635489
4751,4325,1033.724331
4753,3016,1057.607924
4754,1979,981.4075731
4756,534,906.6327624
4757,427,911.2859493
4798,567,926.0541288
4799,845,907.9721578
4800,8659,966.0652096
4802,8342,1005.355085
4803,1209,1048.589981
4804,2410,934.629574
4805,10477,932.7689373
4806,4029,944.4916927
4807,11097,943.4202923
4808,1270,952.7949911
4809,908,941.8975894
4810,21532,1014.298552
4811,11752,1003.692981
4812,19488,963.4740515
4814,44354,1013.681961
4815,20515,958.6708263
4816,8599,882.644504
4817,29770,1023.776983
4818,20302,1023.852259
4819,2203,947.7884398
4820,10774,931.8167053
4821,1500,926.8390858
4822,826,964.0642033
4823,1056,1001.42906
4824,2804,950.1915633
4825,21824,977.3129382
4828,187,637.0179016
4829,761,897.4605722
4830,1457,649.1206845
4849,1481,897.9496042
4850,11510,944.0427645
4852,3197,968.6496395
4854,5459,920.2944464
4855,842,946.2085859
4856,537,971.3420786
4857,173,915.4353229
4858,1254,973.058962
4859,415,900.2857063
4860,11197,905.987485
4861,1075,875.73449
4865,7664,971.5323198
4868,21439,964.998817
4869,17628,960.1141596
4870,66329,967.4811381
4871,16104,798.9287723
4872,3655,939.9921947
4873,6005,932.3219322
4874,4964,944.9248333
4875,7480,807.12594
4876,2317,750.3402359
4877,4765,998.9851238
4878,11634,994.4679171
4879,17132,1034.576102
4880,12132,918.832092
4881,4351,950.4773234
4882,2433,988.0774873
4883,8083,932.3511268
4884,1695,997.5161681
4885,3714,954.3256274
4886,843,925.1031242
4887,2230,895.312564
4888,2837,866.1143491
4890,1465,848.562744
4891,587,907.1501384
4895,4015,836.7461809
5000,12622,1007.616316
5006,6654,1087.412075
5007,6105,961.2228524
5008,13411,929.9904191
5009,4930,963.5170439
5010,5748,880.4328197
5011,9715,966.8443548
5012,9710,854.0737919
5013,9880,869.3376335
5014,11548,929.5464748
5015,5786,942.7795488
5016,8362,979.2249197
5017,4961,851.3086252
5018,5835,1013.1046
5019,9123,962.8869997
5020,2980,1052.067903
5021,5716,1041.421764
5022,14631,1039.226852
5023,15946,919.0625082
5024,12950,1025.601071
5025,7957,996.233912
5031,9587,981.0346592
5032,12216,999.664532
5033,7852,954.8375974
5034,9660,1073.455645
5035,5860,1023.366515
5037,10145,984.9130745
5038,14422,980.6259303
5039,8302,978.7661897
5040,2316,1005.208194
5041,12982,1062.639335
5042,10397,977.8948123
5043,17592,933.2215633
5044,10421,1033.868289
5045,15467,1037.989937
5046,7996,971.1814459
5047,7510,960.1212842
5048,13509,1009.68365
5049,9477,1060.447168
5050,5435,1079.013256
5051,13278,1095.846605
5052,6378,1105.512838
5061,9644,1092.849481
5062,14876,1081.797537
5063,11799,1061.207758
5064,9574,1097.559387
5065,9596,1076.786074
5066,11279,1116.481795
5067,9957,1060.013336
5068,11793,1049.734097
5069,8260,1067.612377
5070,14189,998.3800096
5072,11958,1046.37232
5073,14601,1014.720394
5074,12238,960.7794232
5075,10255,1011.326931
5076,9269,1053.473008
5081,8653,1073.139398
5082,14504,1035.71819
5083,7261,1011.163306
5084,9467,841.9153088
5085,15794,944.8379742
5086,15177,960.356571
5087,10420,970.7369504
5088,3185,914.227479
5089,6645,1062.24062
5090,7639,988.7816106
5091,7343,1039.080264
5092,15884,994.8475717
5093,8914,960.082917
5094,792,885.9713001
5095,17920,1012.869905
5096,14465,965.0728288
5097,13322,1006.785531
5098,12101,948.3702621
5107,15338,892.4297602
5108,37947,867.8745794
5109,20320,942.5245969
5110,8131,927.4701221
5112,18747,816.5522181
5113,18661,754.155863
5114,29080,935.6175588
5115,6908,911.8322347
5116,7713,944.8842072
5117,2362,1046.589137
5118,17292,989.6686742
5120,1738,957.3473121
5121,1292,944.7513084
5125,18497,1040.66572
5126,7210,1025.442609
5127,7991,1030.559576
5131,889,1083.35758
5132,342,1068.808824
5133,536,1090.723796
5134,442,1084.741208
5136,537,1098.415898
5137,464,1093.054955
5138,375,1083.758234
5139,175,1075.149451
5140,458,1121.070967
5141,697,1092.505494
5142,544,1048.245049
5144,434,1082.915696
5151,366,1077.05745
5152,6030,1118.886683
5153,6463,1075.819679
5154,3204,1128.175051
5155,3765,1070.068807
5156,1006,1102.253897
5157,2712,1076.636802
5158,24023,1043.142133
5159,33143,1053.347098
5161,9786,967.1665566
5162,33428,952.1174971
5163,14159,905.5083174
5164,5141,816.8976602
5165,5273,911.0721025
5166,1943,890.2529476
5167,5253,975.1754386
5168,4738,915.2348879
5169,13916,967.3324448
5170,1130,987.4764422
5171,5714,1023.59672
5172,3920,1039.623233
5173,11804,945.6691764
5174,2556,950.64523
5201,1752,1025.580821
5202,598,974.6828507
5203,1013,963.1134643
5204,2350,936.9482425
5210,1737,1007.008084
5211,14457,950.1486935
5212,1967,959.4318262
5213,1071,982.4651481
5214,7784,932.8266147
5220,142,932.1844498
5221,216,896.7829187
5222,598,979.5805178
5223,3459,965.3682476
5231,1168,1059.879805
5232,470,1065.06258
5233,1385,1034.42664
5234,1302,1033.824187
5235,1935,982.0333426
5236,598,982.0581447
5237,74,869.9741386
5238,3704,912.9285156
5240,527,1054.998901
5241,2343,984.6135948
5242,1074,1037.932496
5243,919,1072.790013
5244,4309,1036.695815
5245,3433,1063.783748
5250,3106,1063.454367
5251,12693,997.0581829
5252,5795,1018.026831
5253,17879,878.6291309
5254,2266,968.8512539
5255,8518,988.3186949
5256,1121,924.3983231
5259,711,911.871771
5260,1794,865.2093818
5261,391,1025.336292
5262,532,1035.71849
5263,336,1062.265292
5264,1496,947.9853181
5265,818,1009.959245
5266,278,986.3992983
5267,2153,1005.503822
5268,2997,941.6911697
5269,275,944.3324216
5270,1015,1026.13408
5271,6723,960.3798156
5272,982,1043.641145
5275,2290,955.0759046
5276,1399,990.0005425
5277,2572,924.2658706
5278,523,926.1878804
5279,378,781.878378
5280,7466,919.4218664
5290,24913,909.0506201
5291,8538,1002.286487
5301,481,970.6872329
5302,844,977.8730069
5303,413,1016.259132
5304,559,929.1780234
5307,579,970.8138375
5308,229,969.4175636
5309,159,989.8268903
5311,586,971.1431309
5320,611,868.6325658
5321,442,901.8403235
5322,955,938.9371531
5330,3049,906.9097442
5331,642,935.4485302
5332,120,880.157844
5333,5604,936.3076193
5340,1334,964.1372098
5341,7479,895.4019327
5342,1155,955.9218715
5343,5104,885.5276055
5344,930,943.1071087
5345,3444,888.302392
5346,423,921.0855354
5350,438,1063.828276
5351,5620,1022.646968
5352,4962,1009.196517
5353,3874,974.1727628
5354,451,888.0523065
5355,7046,973.5913541
5356,635,943.0593999
5357,623,932.1726473
5360,1099,1030.946703
5371,1389,1009.985204
5372,1925,972.0434684
5373,3147,944.4432935
5374,1484,918.7003257
5381,335,903.5637714
5400,896,984.3869277
5401,875,939.0620184
5410,225,938.6011526
5411,309,933.6425799
5412,1208,941.1245285
5413,737,941.6101427
5414,251,1012.590228
5415,369,1056.324562
5416,157,952.5769278
5417,1761,954.2494925
5419,236,961.0688572
5421,232,841.3543055
5422,1938,832.455374
5431,838,979.9912148
5433,1456,945.9697059
5434,247,934.0421587
5440,493,1001.749998
5451,600,995.8563802
5452,450,1026.303879
5453,4526,993.9267784
5454,378,986.9474469
5460,633,924.1284781
5461,2566,941.1249741
5462,377,935.2409173
5464,413,968.6346744
5470,227,962.0836033
5472,261,953.6687498
5473,788,905.7920975
5480,791,970.3839843
5481,522,970.596884
5482,584,997.8210874
5483,406,996.9566086
5485,815,979.3971298
5490,178,1010.207689
5491,1723,973.801907
5495,520,898.9744756
5501,6684,960.2834999
5502,1649,971.0390721
5510,361,962.7857402
5520,619,869.3649821
5521,378,959.4723609
5522,1559,924.0743538
5523,1683,960.375582
5540,15245,870.8268133
5550,867,876.5782866
5552,86,739.4655487
5554,5206,929.717036
5555,517,997.7194744
5556,3669,877.2567458
5558,3996,917.2605938
5560,417,926.9485243
5570,839,933.2176093
5571,1582,923.7511144
5572,389,1037.952641
5573,2067,911.1048039
5575,2972,956.7561861
5576,844,919.3064692
5577,197,865.0986465
5580,436,975.4649155
5581,489,925.0481421
5582,544,921.3268789
5583,687,888.2252467
5600,7041,992.6757187
5601,165,699.6042598
5602,1067,939.169317
5603,226,921.9495681
5604,136,950.8602166
5605,1818,943.12099
5606,14083,931.1410609
5607,4591,995.8099962
5608,13847,836.81898
5609,1386,1034.83107
5630,219,1020.657473
5631,1045,984.7579901
5633,433,996.0211782
5640,971,976.1981127
5641,1145,1022.733447
5642,532,1059.172901
5650,301,1020.49523
5652,556,981.9699868
5654,357,991.2278215
5670,292,960.3614677
5680,2288,965.8742903
5690,4038,907.1382578
5700,11768,879.898659
5710,2951,991.1297438
5720,215,952.1371244
5722,594,879.0378903
5723,1694,869.1704582
5724,669,679.565795
5725,4713,1086.493834
5731,1141,967.3488209
5732,170,737.6302796
5734,165,619.5528185
7000,13454,1040.016262
7004,7170,1045.894106
7005,12633,1072.746364
7007,2931,1077.767187
7008,11826,1006.2697
7009,12350,911.2168683
7010,15871,874.5103344
7011,14425,901.1002668
7012,829,986.965196
7015,9907,1026.223689
7016,2674,813.5566672
7017,4729,1028.056041
7018,20074,985.1596223
7019,5491,825.167205
7020,2449,1070.594357
7021,2289,1032.285402
7022,835,995.2635436
7023,330,991.3887213
7024,460,1048.569933
7025,1848,1034.137431
7026,846,952.3633947
7027,372,854.7318689
7030,16797,851.2925264
7050,11770,1002.674162
7052,6734,1042.820452
7053,3508,1083.988566
7054,7960,1038.563435
7055,412,1011.546456
7109,7908,952.5258186
7112,2793,918.9375791
7113,1108,940.6331083
7116,2357,906.9257431
7117,763,900.3403447
7120,2007,879.665764
7140,10645,878.8348772
7150,2673,990.3633521
7155,984,1018.418519
7162,640,1047.435377
7163,238,1006.652227
7170,4691,1089.495882
7171,3011,965.6111899
7172,3152,938.8043176
7173,6198,938.0713038
7176,415,947.0544125
7177,469,898.8010775
7178,356,920.0971309
7179,338,932.9805626
7180,274,908.9383322
7182,251,887.2599159
7183,88,922.0464764
7184,768,860.2657152
7186,280,904.7704442
7190,3004,906.3217508
7209,420,937.1767582
7210,995,877.4686886
7211,426,938.8654586
7212,1835,981.0190955
7213,301,846.7657131
7214,653,828.9401602
7215,3294,909.2155019
7216,3395,885.5265913
7248,15409,851.7112709
7249,12311,946.4180146
7250,47228,968.7469613
7252,2270,1016.584822
7253,5097,827.1391283
7254,490,960.351174
7255,705,978.4409606
7256,1570,953.1103917
7257,65,676.7135274
7258,941,1064.908777
7259,457,938.230568
7260,3208,907.3087062
7261,204,821.9192671
7262,1709,944.3488706
7263,734,913.4328089
7264,681,865.6930034
7265,273,882.3510562
7267,879,981.1947221
7268,1061,976.4787528
7270,4106,903.9268703
7275,3053,983.5021098
7276,560,949.8106856
7277,5258,1028.72338
7290,2062,980.016227
7291,867,985.6779358
7292,689,979.6782056
7300,3046,973.0512694
7301,4029,929.2811317
7302,1774,935.8386617
7303,2334,948.7319172
7304,5864,928.0695636
7305,1236,885.7837731
7306,3947,924.4705641
7307,9248,945.6812607
7310,27164,909.3773758
7315,14292,924.8772251
7316,6022,959.9690706
7320,16712,898.0894148
7321,4682,956.6691798
7322,3980,904.0825248
7325,8549,924.6280391
7330,6748,921.1436192
7331,483,957.6143842
7467,1979,871.238186
7468,661,942.7137651
7469,930,884.9173317
7470,920,878.3439038
3000,20609,1029.883273
3002,4721,1126.075607
3003,3746,1088.317361
3004,7734,1116.170819
3005,690,1104.37155
3006,11301,1110.393779
3008,5092,1114.515518
3011,18043,979.6652871
3012,23125,973.3617421
3013,13772,1053.904964
3015,16177,1057.664247
3016,14734,1072.622573
3018,11777,1008.579783
3019,8187,838.6066932
3020,40535,888.105204
3021,51764,866.6912051
3022,2827,881.2422478
3023,55675,993.2741683
3024,17984,983.1452683
3025,11391,913.1037703
3026,87,684.9833381
3027,3229,1074.166695
3028,27767,961.9575248
3029,68421,996.645672
3030,77718,1021.6045
3031,17273,986.1485061
3032,25374,1036.10567
3033,13255,1019.300404
3034,10981,992.2359511
3036,5831,1073.952086
3037,46893,1011.877375
3038,28191,1022.267334
3039,13558,1064.703659
3040,23859,1074.244652
3041,11331,1074.80246
3042,14374,1009.217452
3043,17372,981.3206037
3044,24454,1018.067817
3045,140,1046.704817
3046,30798,949.2080783
3047,18993,805.406113
3048,18097,833.6363521
3049,8779,1007.540843
3051,11753,989.8868931
3052,4668,1077.671212
3053,13509,979.7868927
3054,8273,1090.089856
3055,13149,1025.760179
3056,22768,1047.084267
3057,8492,1059.875624
3058,31574,1004.406574
3059,11939,1062.941522
3060,12605,904.4341678
3061,5465,827.4562854
3063,672,1020.80284
3064,53153,964.8255572
3065,9435,986.8258512
3066,6463,937.2703571
3067,4913,1070.916533
3068,17244,1077.12459
3070,22929,1056.300904
3071,17420,1023.313035
3072,29921,982.5859323
3073,47644,939.4221579
3074,20331,884.8800878
3075,19864,885.0532424
3076,26335,973.7416436
3078,10535,1068.342746
3079,14863,1092.234987
3081,13440,911.3981894
3082,30521,1006.31175
3083,28060,1018.485409
3084,24272,1080.352943
3085,13731,1064.189964
3087,8983,1019.07948
3088,26445,1060.891562
3089,11529,1085.932418
3090,2105,1124.51312
3091,1511,1097.734577
3093,3773,1099.465711
3094,8758,1061.997285
3095,27631,1106.093759
3096,1950,1081.017887
3097,1292,1122.144954
3099,4879,1075.387311
3101,23882,1119.100597
3102,6010,1104.497105
3103,15293,1099.041798
3104,20328,1104.243923
3105,10877,1051.96972
3106,16477,1108.362384
3107,13152,1074.728995
3108,18372,1057.27187
3109,27039,1065.109466
3111,11795,1097.222413
3113,8474,1128.193781
3114,3713,1151.197368
3115,3833,1123.868266
3116,9111,1040.23901
3121,26115,1040.930996
3122,21180,1099.665146
3123,13108,1112.538564
3124,20004,1130.271521
3125,13165,1044.566159
3126,7846,1140.428529
3127,18069,1124.800826
3128,17369,1037.416417
3129,16057,1056.860701
3130,30402,1066.879993
3131,21013,1030.305183
3132,14822,1055.722785
3133,21334,1077.049721
3134,31123,1050.054213
3135,19025,1041.039926
3136,40958,1029.153203
3137,13092,1005.000213
3138,20708,1026.695695
3139,13554,1004.898717
3140,15657,1022.30734
3141,19144,1080.703589
3142,12873,1123.694222
3143,8761,1102.903486
3144,10311,1123.799493
3145,21326,1103.19489
3146,24943,1122.488185
3147,13651,1058.771139
3148,7822,1024.413343
3149,32058,1073.273903
3150,58316,1076.678574
3151,10132,1042.63752
3152,31246,1061.139544
3153,19674,990.1093965
3154,4232,1040.239595
3155,20836,993.6523352
3156,35638,1032.967295
3158,6966,1052.783244
3159,2569,1059.686509
3160,9091,1047.472415
3161,14573,1103.877469
3162,16431,1097.626644
3163,29531,1058.369877
3165,25911,1057.116573
3166,22336,1033.946013
3167,9129,1019.001167
3168,16895,999.8040564
3169,19111,960.0711163
3170,17658,1040.815953
3171,19766,876.9594887
3172,22362,965.417386
3173,19886,978.5192695
3174,35761,897.9052792
3175,47990,896.241077
3177,10237,844.1921353
3178,34796,1074.941484
3179,5891,1035.113854
3180,7138,1030.938963
3181,18258,1068.124017
3182,20630,1064.4935
3183,17930,1063.017525
3184,14638,1095.289502
3185,12200,1081.081899
3186,21246,1129.903759
3187,15831,1108.744273
3188,16879,1080.969858
3189,5289,1040.117986
3190,10268,1053.042804
3191,9334,1111.847718
3192,20285,1040.168262
3193,18787,1124.493945
3194,11663,1053.717806
3195,34113,1070.19902
3196,23602,1012.582314
3197,11181,1039.45547
3198,16037,963.6545647
3199,52668,982.4415447
3200,5633,807.6435697
3201,19098,957.8795338
3202,2772,1092.424277
3204,28214,1074.395
3205,9325,1050.111719
3206,10026,1100.763188
3207,14521,1084.26128
3211,1391,1025.88382
3212,14146,1013.285529
3214,23416,813.3139984
3215,19815,956.5952602
3216,52047,1024.07237
3217,1252,1088.060492
3218,12602,993.3187601
3219,20056,913.0633512
3220,15306,1048.075523
3221,7905,1039.657142
3222,12067,1000.803978
3223,6515,940.6335435
3224,10122,1009.526079
3225,3884,1049.918873
3226,12566,1037.041671
3227,4339,1075.119254
3228,14658,1080.512288
3230,2453,1031.000159
3231,1416,1049.073055
3232,1046,1018.412237
3233,1738,984.4461418
3235,371,1038.073524
3236,239,936.7232152
3237,480,975.4186351
3238,203,988.5411831
3239,382,952.0627973
3240,2079,1068.081418
3241,2240,952.8521455
3242,740,1009.246078
3243,636,1045.816859
3249,2905,1000.165067
3250,11781,916.1472672
3251,657,931.1065206
3254,383,958.9024971
3260,4459,948.893104
3264,2358,934.6349951
3265,2775,1009.314165
3266,3426,976.7257064
3267,290,1033.708284
3268,2551,1006.545763
3269,973,1030.987351
3270,141,953.5027481
3272,1665,959.5218347
3273,121,1059.897253
3274,352,995.9329744
3275,472,1020.9574
3276,515,1011.845738
3277,1887,1012.568189
3278,455,1019.895115
3280,29975,965.7214254
3281,1742,1051.340726
3282,2314,999.9753803
3283,942,1046.46588
3284,3087,997.8425995
3285,1255,1027.03784
3286,617,990.9330343
3287,434,1016.208748
3289,731,975.0565483
3292,311,994.9313618
3293,263,966.2019381
3294,753,1016.816115
3300,10095,960.1907886
3301,1646,1061.335262
3302,556,1006.650518
3303,418,987.3156825
3304,2464,923.5922121
3305,12634,938.8725006
3309,224,988.8488862
3310,368,941.2249672
3311,1768,916.8399386
3312,939,1013.17103
3314,772,1046.170804
3315,1650,955.6519196
3317,317,994.2202492
3318,975,928.0814152
3319,325,957.6490493
3321,1186,1028.058506
3324,561,932.3604142
3325,512,966.1554932
3328,1481,1019.480634
3329,315,1046.813455
3330,433,957.8118078
3331,4186,1032.473552
3332,948,998.2379107
3333,736,986.1539906
3334,492,981.1883376
3335,1761,912.4899255
3337,31922,948.3002988
3338,15798,936.3083067
3340,18008,994.16353
3341,1520,1037.80502
3342,3136,971.8019057
3345,1222,992.5584858
3350,54356,992.2003608
3351,7734,991.2010285
3352,14635,1016.414226
3355,13019,888.210574
3356,14339,898.0640333
3357,3233,1052.793174
3360,787,953.0397575
3361,925,969.9153152
3363,3293,951.7991506
3364,2028,1016.923281
3370,1656,892.0806913
3371,1204,919.9055397
3373,1805,908.9048973
3374,569,997.735839
3375,248,1012.761701
3377,8673,918.4950143
3378,328,1085.439722
3379,586,937.1084932
3380,6158,899.3637088
3381,976,1003.200752
3384,839,980.0810236
3385,592,991.012176
3387,332,1025.049036
3388,549,966.0019445
3390,992,938.3437524
3391,262,975.972574
3392,669,919.0104762
3393,2744,924.5920341
3395,642,995.4144706
3396,555,947.1665003
3400,14280,949.3682798
3401,4523,1039.312247
3407,333,981.6770829
3409,1073,1011.015863
3412,216,891.3951497
3413,252,1052.470154
3414,1660,899.3768121
3418,2799,954.7515271
3419,1071,962.0246791
3420,298,1022.81367
3423,633,878.2287878
3424,740,946.3712496
3427,2281,964.0709639
3428,653,1020.209577
3429,34558,1024.436645
3430,433,1029.742706
3431,3758,1081.258719
3433,320,1085.06168
3434,4427,1024.798293
3435,2710,1011.67019
3437,8697,1079.133603
3438,2379,1078.371942
3440,1851,1084.08348
3441,1320,1118.884609
3442,7187,1057.262792
3444,8472,985.6099371
3446,614,967.3074177
3447,463,972.6370286
3448,678,1005.911537
3450,6768,950.1765659
3451,4798,986.9228066
3453,1547,1010.333956
3458,1711,1001.62784
3460,2563,949.541165
3461,3952,990.4528364
3462,985,957.8760201
3463,2851,983.2735231
3464,1145,949.6291853
3465,8638,879.1911888
3467,1256,895.9726384
3468,237,934.1090992
3469,418,948.9496347
3472,1407,861.1729297
3475,299,900.6698974
3477,398,959.6014991
3478,3028,908.0075494
3480,1692,939.5578518
3482,455,1000.352676
3483,659,953.03381
3485,193,885.0814331
3490,1086,942.387862
3491,430,980.6061574
3494,638,935.6976373
3496,5837,917.012345
3498,5024,974.5314386
3500,30659,907.0786567
3501,1947,1009.806103
3505,4636,924.9388716
3507,415,1030.502737
3509,200,979.2312523
3512,555,1025.061458
3515,897,1005.043049
3516,758,965.7038545
3517,1507,899.1537618
3518,1299,882.1561258
3520,248,808.2856825
3521,732,966.5782516
3522,404,980.3193328
3523,3503,911.5901341
3525,1281,953.2551923
3527,786,924.7038118
3530,339,996.7273855
3531,321,979.2068047
3533,842,935.6680595
3537,1171,970.4046572
3540,360,957.5014779
3542,226,1007.418773
3544,334,992.7294999
3546,476,974.4655493
3549,3762,892.6353329
3550,40133,963.8384243
3551,24117,1039.129299
3555,18385,932.691564
3556,11175,892.9556014
3557,607,972.5632883
3558,969,925.4772812
3559,562,1004.019329
3561,4740,960.3604754
3562,284,953.8048826
3563,778,930.7915929
3564,15187,953.6610728
3566,523,942.66832
3567,617,970.6521515
3568,2809,956.5029948
3570,593,947.2625408
3571,323,981.1252711
3572,205,1012.057366
3573,511,978.4581338
3575,888,923.7127607
3579,5253,928.8705572
3580,769,886.8600818
3581,312,992.3788773
3584,1324,954.6217173
3585,10611,945.3043574
3586,748,999.7946797
3588,311,899.3924844
3589,370,1012.439554
3590,373,1015.580062
3591,272,1042.555195
3594,481,894.431436
3595,686,872.6876854
3596,145,902.8207246
3597,584,989.694428
3608,2307,939.932562
3610,1672,946.6030667
3612,1683,904.6176395
3614,755,1020.359717
3616,5069,956.2983923
3617,289,1010.705223
3618,679,925.6231424
3620,8032,935.8065231
3621,2194,930.7253168
3622,329,993.231292
3623,916,931.0933666
3624,591,931.6434615
3629,9173,906.5769773
3630,29556,907.9642704
3631,10160,1036.115348
3633,629,1036.412799
3634,1764,1015.393167
3635,640,974.665285
3636,5417,934.9125873
3637,676,984.682116
3638,2037,938.8059072
3639,515,881.2512597
3640,1144,988.2371323
3641,1074,925.9253336
3644,7026,915.4088642
3646,774,1018.340522
3649,435,937.3076683
3658,5829,959.564826
3659,788,1024.224336
3660,7422,904.8241201
3662,1154,1079.759443
3663,208,1050.281293
3664,1051,981.5755624
3666,4875,952.6535574
3669,1084,969.161105
3670,669,992.8299014
3672,10353,922.9925238
3673,1508,1017.430981
3675,1463,1019.629225
3677,17182,933.5061555
3678,6265,1035.276251
3682,660,1005.528996
3683,1637,965.268743
3685,2494,956.6028178
3687,890,934.37873
3688,1251,1019.40231
3690,30522,948.2606925
3691,8389,1048.804648
3694,582,1011.5679
3695,444,1034.102707
3697,595,1007.432163
3698,835,1029.471981
3699,1048,909.2645583
3700,1167,940.5743784
3701,1074,1014.640179
3705,411,996.6216514
3707,1708,953.3078755
3709,302,972.6404781
3711,256,968.8195752
3712,361,949.2406921
3713,981,910.0465852
3714,3251,969.0911693
3715,304,1010.043294
3717,2662,973.3083617
3719,547,1029.718188
3720,520,958.0358728
3722,4356,983.7611831
3723,2971,1010.201586
3725,348,1002.789283
3726,857,1018.709086
3727,363,989.1862012
3728,556,911.0572606
3730,8002,954.8938122
3732,430,959.7431522
3733,423,1014.294224
3735,516,986.4976767
3737,4254,935.8918348
3739,377,981.0302487
3740,950,991.7311972
3741,3074,988.3318522
3744,295,997.9336936
3746,230,937.9372822
3747,4231,996.9606481
3749,1852,1037.247266
3750,512,1028.728436
3751,337,994.5632682
3752,20878,1036.762854
3753,872,1039.999894
3754,17789,1079.440718
3755,299,1036.291245
3756,9244,1011.0444
3757,7972,1020.440541
3758,2132,1023.05663
3759,1161,1080.916075
3760,390,1076.984299
3761,1141,1064.00521
3763,1352,991.0614877
3764,7528,997.7935199
3765,6737,1042.772332
3766,1208,1074.303412
3767,1243,1067.176389
3770,3194,1032.414329
3775,3487,1050.291496
3777,10315,979.6768544
3778,472,984.316348
3779,221,976.9184701
3781,4392,1004.046121
3782,7774,1046.033577
3783,2155,1018.446904
3786,1531,1092.388886
3787,1155,1095.696491
3788,1651,1074.01714
3789,267,1073.588042
3791,1560,1076.668272
3792,1044,1083.350554
3793,3450,1013.07252
3795,1213,1032.48002
3796,9362,1028.516663
3797,3205,958.9173883
3799,6020,913.437611
3802,24568,1003.497557
3803,10170,948.1799066
3804,6703,1096.943723
3805,54480,1010.049396
3806,45541,1061.843707
3807,6790,1067.222134
3808,2977,1110.275026
3809,1760,1067.123135
3810,35311,985.2593513
3812,2263,1033.356726
3813,1096,1025.498232
3814,1922,1003.146176
3815,2922,1005.569467
3816,1973,962.7513863
3818,12092,969.1213202
3820,14080,981.9809376
3821,2562,1033.804481
3822,1043,1042.917439
3823,1783,994.0687881
3824,4639,987.2708503
3825,20328,895.5701545
3831,1453,1009.820929
3832,416,1001.033155
3833,320,912.8132818
3835,505,979.3883656
3840,16602,877.5470302
3842,4938,910.0099149
3844,27608,979.2493268
3847,2172,951.21378
3850,14260,960.4117674
3851,4948,968.8623636
3852,120,1054.810532
3854,1508,1033.70311
3856,915,979.4959328
3857,376,1013.990826
3858,2895,927.7852877
3859,910,992.3587556
3860,6967,957.719421
3862,3135,999.1986272
3864,393,961.4690589
3865,393,953.3137096
3869,1481,1004.226664
3870,1520,973.5802249
3871,2852,993.7821762
3873,445,1012.946911
3874,489,940.5402545
3875,16655,949.451577
3878,734,977.718263
3880,3801,954.7396867
3882,953,969.7337869
3885,1779,950.3482938
3886,443,958.9301662
3887,341,922.4432972
3888,3767,910.1767642
3889,286,892.0725224
3890,168,812.755796
3891,170,997.5529202
3892,1035,935.4796178
3895,174,985.787027
3896,420,949.6932127
3898,630,981.8037703
3900,251,959.9812189
3902,350,938.6497117
3903,624,929.458624
3904,1217,1004.1427
3909,7748,918.9770208
3910,21361,1025.83333
3911,3274,998.1163991
3912,14623,1013.102205
3913,3302,1020.996815
3915,9022,903.4467471
3916,589,1085.801149
3918,3381,1025.543369
3919,2841,951.6905471
3920,1085,1078.077226
3921,115,1007.007315
3922,6800,968.0900914
3923,674,1009.147681
3925,3010,995.734919
3926,3296,1065.635479
3927,1422,1071.609307
3928,468,1090.539138
3929,865,1072.807006
3930,17240,1116.124132
3931,22418,1004.500129
3933,1029,1087.722181
3934,17077,1077.493119
3936,9013,984.6510657
3937,1905,1085.187281
3938,2552,1019.503419
3939,13642,934.5915199
3940,4571,883.5873292
3941,11709,966.8733915
3942,2164,1013.537605
3943,1453,1043.86279
3944,443,1136.935614
3945,961,1015.67336
3950,4624,947.0319883
3951,928,1045.562611
3953,7303,984.7641795
3954,384,1047.78918
3956,2214,967.289677
3957,445,1013.504604
3958,495,1048.052279
3959,990,1014.442938
3960,2283,974.9660829
3962,1146,938.7415573
3965,179,905.2446972
3966,672,951.2631283
3971,4002,928.6025273
3975,11658,1054.024367
3976,23763,932.6509605
3977,67404,981.6367739
3978,1217,1030.86885
3979,668,1017.352166
3980,3069,985.4982644
3981,4262,964.5433864
3984,4753,911.600937
3987,1334,989.2482937
3988,899,999.1416907
3991,412,955.1925683
3992,605,965.680116
3995,9150,926.0461789
3996,4977,1011.413728
6000,9246,1065.05312
6003,2961,1033.585581
6004,8181,1075.599705
6005,5174,1072.726512
6006,8546,1079.918586
6007,6744,1106.611252
6008,13846,1103.74808
6009,16549,1138.949091
6010,15477,1117.749589
6011,8916,1146.093001
6012,8599,1087.418781
6014,18989,1116.851589
6015,6355,1164.297465
6016,9569,1062.435947
6017,4044,988.2352114
6018,34362,1086.719254
6019,20139,1090.386681
6020,20290,1118.404068
6021,19155,1039.625003
6022,4988,1052.822246
6023,15005,1121.760575
6024,13434,1067.421949
6025,29785,1086.391214
6026,22425,1095.999167
6027,42089,1074.505836
6028,20117,1115.084165
6029,2663,1130.912565
6030,37624,1034.839107
6031,11327,1069.143108
6032,213,1065.107307
6033,739,1051.926763
6035,4236,1007.415053
6036,10824,1061.573771
6037,2243,962.7155657
6041,1361,976.5681168
6042,81,923.1742364
6043,206,935.3514401
6044,1476,989.5968701
6050,14915,1098.730482
6051,12339,1022.739865
6052,10452,1052.747802
6053,13515,1037.365115
6054,19761,983.0250432
6055,12053,1040.835791
6056,37083,983.2381242
6057,16108,1034.848136
6058,11799,990.0725998
6059,22510,1043.835439
6060,21871,1018.999749
6061,33704,916.0543137
6062,31107,1014.74659
6063,13988,989.7524617
6064,30454,946.6668862
6065,52115,1076.680733
6066,18934,1014.607667
6067,130,695.2056775
6069,25345,1072.50105
6070,3516,1118.530193
6071,3516,1090.853106
6072,835,1086.81849
6073,3021,1051.634205
6074,950,1071.073609
6076,21502,1089.882739
6077,1529,1062.555523
6078,858,1088.270699
6081,4704,1086.0781
6082,3156,1048.898857
6083,3474,1077.054201
6084,6396,1042.219245
6100,13611,1060.755922
6101,14996,1030.538966
6102,13826,954.0678863
6103,8402,999.1823809
6104,13288,1000.448018
6105,13496,973.8769817
6107,36860,1002.408179
6108,22983,1010.763513
6109,10621,935.5930482
6110,34865,986.4737511
6111,22044,997.6914484
6112,40261,990.8397743
6121,2724,1083.66608
6122,9376,1054.513993
6123,1434,1010.482405
6124,1082,1017.061986
6125,2679,1039.011043
6126,496,1009.656847
6147,14826,985.8210297
6148,17406,1069.717907
6149,18621,1112.694421
6150,13255,1113.991858
6151,16464,1099.245016
6152,24368,1069.581675
6153,19041,1115.265361
6154,9669,1092.371705
6155,48039,1101.223743
6156,16023,1064.985964
6157,12952,1060.488179
6158,6925,1106.176871
6159,2723,1074.707866
6160,7660,1040.648821
6161,114,988.5740582
6162,10379,1016.560446
6163,46233,1003.266521
6164,47539,1075.289541
6165,119,942.0898563
6166,8198,1054.218515
6167,22502,948.8569969
6168,23467,939.5759384
6169,34335,986.0517255
6170,6613,1009.549553
6171,15869,1085.349463
6172,14087,1026.053275
6173,10420,1105.041778
6174,2174,1022.121693
6175,3009,1060.434921
6176,715,1056.898375
6180,3468,1042.015299
6181,495,1102.203414
6207,1080,1022.623988
6208,9612,967.7914565
6209,1836,957.2511512
6210,60935,967.4230278
6211,5557,1006.490322
6213,709,965.0177314
6214,357,978.5555873
6215,3583,940.7014796
6218,477,813.4014434
6220,4705,953.9916594
6221,440,995.2088953
6224,1214,932.606702
6225,9117,946.7303815
6226,621,1080.253311
6227,518,1024.222843
6229,511,1004.158682
6230,40618,987.7058108
6232,9418,1010.983299
6233,15772,1036.01314
6236,1950,1041.875162
6237,2552,1037.842128
6239,4054,986.5360216
6240,265,1055.266382
6244,1586,984.6212132
6251,437,977.119662
6253,561,983.9224084
6254,636,912.8238929
6255,3487,974.4926771
6256,210,1024.55236
6258,6323,939.3160598
6260,1533,978.5735012
6262,773,932.3880113
6271,2842,970.2790372
6275,1268,968.3212157
6280,23495,983.7822855
6281,5550,1058.945996
6282,1246,1086.148445
6284,1601,1055.459788
6285,7529,1015.111639
6286,584,1028.814724
6288,407,1012.204171
6290,1642,953.9750599
6302,3379,975.1820995
6304,1565,936.0136671
6306,937,947.5739456
6308,1608,941.1661825
6309,265,1003.890485
6311,601,987.0597316
6312,4931,953.4596547
6313,364,1012.513427
6315,1846,939.8134386
6316,417,1008.50617
6317,4183,908.7388804
6318,234,886.103507
6320,911,987.8203349
6321,268,869.5953842
6322,457,1005.496538
6323,988,936.8558199
6324,3026,948.3641869
6326,502,1006.983679
6327,294,1010.284168
6328,429,1020.047296
6330,32890,976.0497588
6333,5197,987.4619857
6335,839,963.7963313
6336,248,976.7525182
6337,485,1021.061494
6338,762,1041.754507
6341,277,1046.036925
6343,239,1076.657367
6346,730,975.3478588
6348,1397,1024.238632
6350,200,901.8037364
6352,407,1064.224526
6353,729,1021.144418
6355,859,1039.911786
6358,238,1051.925985
6359,521,1013.919982
6365,612,978.4024202
6367,282,870.1502122
6368,182,1078.806421
6369,633,962.5881741
6370,553,940.7316847
6373,236,1077.167185
6375,831,946.734488
6383,1042,929.8603691
6386,255,1016.647285
6390,2226,1024.910677
6391,912,1011.224319
6392,491,1003.962432
6393,383,1049.169017
6394,404,1060.430404
6395,1570,966.0665961
6396,354,986.5793963
6397,367,967.2028668
6398,564,944.807523
6401,7603,934.357911
6403,198,977.2541914
6405,267,949.8376383
6407,1038,988.4150445
6409,399,979.7668736
6410,1180,905.1425299
6413,149,1047.049246
6415,2888,958.886877
6418,718,946.3264374
6421,238,1029.078929
6423,276,984.5649884
6425,165,1031.889397
6426,1097,959.3285221
6429,1518,887.9077063
6430,23004,1030.679071
6431,678,642.6944782
6432,7722,955.4377093
6434,151,587.8431791
6436,178,789.4752611
6437,1293,1048.657695
6438,1213,895.9697807
6440,1095,819.9119524
6442,2695,962.976608
6443,1145,895.7047283
6445,161,1052.273283
6447,491,1063.801994
6448,445,997.2336895
6450,12352,974.7863959
6460,985,961.2508496
6461,373,922.0173637
6462,306,1042.559533
6468,208,1028.93621
6472,185,1044.959419
6475,434,964.8955611
6477,293,1027.788378
6479,497,1003.53871
6485,524,931.2529862
6488,347,943.3826696
6490,231,962.5540919
6501,1022,1025.439539
6502,1061,985.7799034
6503,2037,997.4817714
6505,285,1051.827909
6507,399,1047.08559
6509,320,1039.595499
6510,2045,959.4138843
6511,460,944.4713153
6513,190,1018.436745
6514,612,898.9778712
6515,457,1028.685189
6516,1513,976.1092087
6517,425,1000.085623
6518,116,908.0209544
6519,622,954.2714455
6521,336,1061.649738
6522,479,972.2174734
6525,3568,972.3988606
6528,288,993.7413588
6530,31972,964.3177891
6532,5786,1027.650446
6535,1481,925.8610091
6536,1498,955.2254668
6537,642,926.5037014
6556,1845,1024.729808
6558,2172,1023.093383
6560,1286,902.1740558
6562,1150,986.8100187
6564,332,974.0071949
6566,3081,969.4586303
6567,367,1001.482785
6568,249,959.4814022
6569,331,986.8006545
6575,243,1028.14069
6603,1129,954.8501156
6606,305,1066.557269
6608,259,1067.744864
6609,562,984.5055038
6612,236,1014.646142
6620,186,952.8533151
6623,1612,986.2014453
6628,182,1082.684036
6630,533,892.7221421
6635,517,923.7331547
6638,643,861.8993293
6639,105,931.6533035
6640,269,863.6908529
6642,1374,856.5634685
6646,1154,814.1280703
6701,5786,924.9994968
6705,243,759.6651035
6707,2386,1014.752495
6710,2376,906.0402852
6713,1270,1100.033971
6714,18303,1082.10302
6716,653,1029.879035
6718,807,816.4702377
6720,2547,1005.472385
6721,5205,1096.242609
6722,10546,1022.999976
6725,9876,940.8683699
6726,5146,1015.442871
6728,6909,807.6583093
6740,1754,749.1437023
6743,6345,944.4443367
6751,5468,1053.390599
6753,9080,1016.351744
6754,1498,1033.190424
6758,179,761.9771114
6760,511,702.1455149
6762,1168,619.0295285
6765,1529,735.5992041
6770,3268,669.497915
